Label,Mean Volume (mm^3),Standard Deviation
Right Salivary Gland,0.0034640294218009483,0.0017354153604982353
Right Salivary Gland,0.0034640294218009483,0.0017354153604982353
Right Wing Disc,0.0007432505023696682,0.00032932237749375045
Right Wing Disc,0.0007432505023696682,0.00032932237749375045
Right Haltere Disc,0.00013187397156398106,6.046410881573223e-05
Right Haltere Disc,0.00013187397156398106,6.046410881573223e-05
